id;location;city;state;description
1;0.0000000000000,0.0000000000000;Default;Default;
2;9.9325330000000,-84.0312950000000;Sabanilla;San José;Cenfotec
3;9.9333120000000,-84.1052410000000;Sabana;San José;San José Parque de la sabana
4;9.9320530000000,-84.0415860000000;Sabanilla;San Jose;San José, Sabanilla, 11801
